	Media Sources	Tweet Polarity
0	BBC	0.052072999999999994
1	CBS	0.212081
2	CNN	-0.115651
3	FoxNews	-0.08406000000000004
4	NYTimes	-0.042228000000000016
